<?xml version="1.0" encoding="UTF-8"?>
<!DOCTYPE ejb-jar PUBLIC "-//Sun Microsystems, Inc.//DTD Enterprise JavaBeans 2.0//EN" 
 "http://java.sun.com/dtd/ejb-jar_2_0.dtd">

<ejb-jar >

   <description>
      Generic deployment information for the Storefront Session Bean
   </description>
   <display-name>Storefront Session Bean</display-name>

   <enterprise-beans>
      <session >
         <ejb-name>Storefront</ejb-name>
         <home>com.oreilly.struts.storefront.service.StorefrontHome</home>
         <remote>com.oreilly.struts.storefront.service.Storefront</remote>
         <ejb-class>com.oreilly.struts.storefront.service.StorefrontBean</ejb-class>
         <session-type>Stateless</session-type>
         <transaction-type>Container</transaction-type>
      </session>
   </enterprise-beans>

   <assembly-descriptor >
      <container-transaction >
         <method >
            <ejb-name>Storefront</ejb-name>
            <method-name>*</method-name>
         </method>
         <trans-attribute>NotSupported</trans-attribute>
      </container-transaction>
   </assembly-descriptor>

</ejb-jar>

