<?xml version="1.0" encoding="UTF-8"?>
<!DOCTYPE connector PUBLIC 
          "-//Sun Microsystems, Inc.//DTD Connector 1.0//EN" 
          "http://java.sun.com/dtd/connector_1_0.dtd">

<connector>
   <display-name>File System Adapter</display-name>
   <vendor-name>JBoss Group</vendor-name>
   <spec-version>1.0</spec-version>
   <version>1.0</version>
   <eis-type>FileSystem</eis-type>
   <license>
      <description>LGPL</description>
      <license-required>false</license-required>
   </license>
   <resourceadapter>
      <managedconnectionfactory-class>org.jboss.chap7.ex1.ra.FSMangedConnectionFactory
      </managedconnectionfactory-class>
      <connectionfactory-interface>org.jboss.chap7.ex1.ra.DirContextFactory
      </connectionfactory-interface>
      <connectionfactory-impl-class>org.jboss.chap7.ex1.ra.DirContextFactoryImpl
      </connectionfactory-impl-class>
      <connection-interface>javax.naming.directory.DirContext
      </connection-interface>
      <connection-impl-class>org.jboss.chap7.ex1.ra.FSDirContext
      </connection-impl-class>
      <transaction-support>NoTransaction</transaction-support>
      <config-property>
	 <config-property-name>FileSystemRootDir</config-property-name>
	 <config-property-type>java.lang.String</config-property-type>
	 <config-property-value>/tmp/db/fs_store</config-property-value>
      </config-property>
      <config-property>
	 <config-property-name>UserName</config-property-name>
	 <config-property-type>java.lang.String</config-property-type>
	 <config-property-value></config-property-value>
      </config-property>
      <config-property>
	 <config-property-name>Password</config-property-name>
	 <config-property-type>java.lang.String</config-property-type>
	 <config-property-value></config-property-value>
      </config-property>
      <authentication-mechanism>
	 <authentication-mechanism-type>BasicPassword</authentication-mechanism-type>
	 <credential-interface>javax.resource.security.PasswordCredential</credential-interface>
      </authentication-mechanism>
      <reauthentication-support>true</reauthentication-support>
      <security-permission>
         <description>Read/Write access is required to the contents of
         the FileSystemRootDir</description>
         <security-permission-spec>permission java.io.FilePermission
         "/tmp/db/fs_store/*", "read,write";</security-permission-spec>
      </security-permission>
   </resourceadapter>
</connector>
