<?xml version="1.0" encoding="ISO-8859-1"?>
<rss version="2.0">
<channel>
<title>CNN.com</title>
<link>http://www.cnn.com/rssclick/?section=cnn_topstories</link>
<description>CNN.com delivers up-to-the-minute news and information on the latest top stories, weather, entertainment, politics and more.</description>
<language>en-us</language>
<copyright>� 2005 Cable News Network LP, LLLP.</copyright>
<pubDate>Thu, 31 Mar 2005 12:10:48 EST</pubDate>
<ttl>5</ttl>
<image>
<title>CNN.com</title>
<link>http://www.cnn.com/rssclick/?section=cnn_topstories</link>
<url>http://i.cnn.net/cnn/.element/img/1.0/logo/cnn.logo.rss.gif</url>
<width>144</width>
<height>33</height>
<description>CNN.com delivers up-to-the-minute news and information on the latest top stories, weather, entertainment, politics and more.</description>
</image>
<item>
<title>Terri Schiavo dies</title>
<link>http://www.cnn.com/rssclick/2005/US/03/31/schiavo/index.html?section=cnn_topstories</link>
<description>Terri Schiavo, the 41-year-old brain-damaged woman at the center of a national legal, political and ethical battle, died this morning, nearly two weeks after doctors removed her feeding tube. Reacting to her death, President Bush sent condolences to Schiavo's families. "I urge all those who honor Terri Schiavo to continue to work to build a culture of life where all Americans are welcomed and valued and protected."</description>
<pubDate>Thu, 31 Mar 2005 12:09:37 EST</pubDate>
</item>
<item>
<title>Report: Iraq intelligence 'dead wrong'</title>
<link>http://www.cnn.com/rssclick/2005/POLITICS/03/31/intel.report/index.html?section=cnn_topstories</link>
<description>The report expected to be presented Thursday by a White House-appointed intelligence panel will recommend a new national security division within the Justice Department that would merge the people who now do counterterrorism and counterintelligence cases, a government official told CNN Wednesday.</description>
<pubDate>Thu, 31 Mar 2005 10:05:00 EST</pubDate>
</item>
<item>
<title>American abducted with Romanian journalists</title>
<link>http://www.cnn.com/rssclick/2005/WORLD/meast/03/31/iraq.main/index.html?section=cnn_topstories</link>
<description>An American was also taken when three Romanian journalists were abducted Monday in Iraq, the U.S. State Department said Wednesday.</description>
<pubDate>Thu, 31 Mar 2005 12:04:49 EST</pubDate>
</item>
<item>
<title>U.S. soldier convicted in shooting death of wounded Iraqi</title>
<link>http://www.cnn.com/rssclick/2005/WORLD/europe/03/31/germany.us.soldier.ap/index.html?section=cnn_topstories</link>
<description>Read full story for latest details.</description>
<pubDate>Thu, 31 Mar 2005 07:26:05 EST</pubDate>
</item>
<item>
<title>Murder suspect may have ties to other cases</title>
<link>http://www.cnn.com/rssclick/2005/LAW/03/31/interstate.slaying/index.html?section=cnn_topstories</link>
<description>A man wanted in the death of an Oklahoma woman whose body was found in Tennessee last week was arrested Wednesday in northwestern Pennsylvania and may have ties to other crimes, Erie County District Attorney Brad Foulk said.</description>
<pubDate>Thu, 31 Mar 2005 04:53:24 EST</pubDate>
</item>
<item>
<title>1.3 million Mercedes cars recalled</title>
<link>http://www.cnn.com/rssclick/money/2005/03/31/Autos/mercedes_recall.reut/index.htm?section=cnn_topstories</link>
<description>Read full story for latest details.</description>
<pubDate>Thu, 31 Mar 2005 09:22:04 EST</pubDate>
</item>
<item>
<title>Mom gives birth in car, police pull her over at gunpoint</title>
<link>http://www.cnn.com/rssclick/2005/US/03/31/station.delivery.ap/index.html?section=cnn_topstories</link>
<description>Read full story for latest details.</description>
<pubDate>Thu, 31 Mar 2005 08:03:56 EST</pubDate>
</item>
<item>
<title>Prince Charles: 'I hate doing this'</title>
<link>http://www.cnn.com/rssclick/2005/WORLD/europe/03/31/charles.skiing.ap/index.html?section=cnn_topstories</link>
<description>Read full story for latest details.</description>
<pubDate>Thu, 31 Mar 2005 10:53:48 EST</pubDate>
</item>
<item>
<title>Ozzy Osbourne, wife, pets flee blaze at mansion</title>
<link>http://www.cnn.com/rssclick/2005/WORLD/europe/03/31/osbourne.fire.reut/index.html?section=cnn_topstories</link>
<description>Read full story for latest details.</description>
<pubDate>Thu, 31 Mar 2005 07:40:16 EST</pubDate>
</item>
<item>
<title>Ted Koppel leaving 'Nightline'</title>
<link>http://www.cnn.com/rssclick/2005/SHOWBIZ/TV/03/31/koppel.abc.ap/index.html?section=cnn_topstories</link>
<description>Read full story for latest details.</description>
<pubDate>Thu, 31 Mar 2005 11:27:13 EST</pubDate>
</item>
</channel>
</rss>
