<?xml version="1.0"?> 
<rss version="2.0">
<channel>

<title>Dan's Data</title>
<description>New and interesting computer hardware, gadgets and toys reviewed. And letters. Lots of letters.</description>
<link>http://www.dansdata.com/</link>

<item>
<title>Ultrasone HFI-650 headphones</title>
<description>They look like the 550s, they feel like the 550s, they've got marketing buzzwords like the 550s - are they worth the extra money?</description>
<link>http://www.dansdata.com/quickshot025.htm</link>
</item>

<item>
<title>Atomic I/O letters column #43</title>
<description>One switch for everything, shiny shiny heat sinks, the continuing mystery of slack, booting from a postage stamp, and unsuccessful attempts to inebriate hi-fi equipment.</description>
<link>http://www.dansdata.com/io043.htm</link>
</item>

<item>
<title>Batterylife Activator</title>
<description>Can a sticker rejuvenate your batteries?</description>
<link>http://www.dansdata.com/batterylife.htm</link>
</item>

<item>
<title>Wanted: Cheap giant bit barrel</title>
<description>Cheap bulk network storage is possible. Won't someone make it easier?</description>
<link>http://www.dansdata.com/gz043.htm</link>
</item>

<item>
<title>Inside your PSU</title>
<description>What do all of those widgets inside your power supply DO, anyway?</description>
<link>http://www.dansdata.com/psus.htm</link>
</item>

<item>
<title>Ultrasone HFI-550 headphones</title>
<description>Fine sealed headphones for the money - just don't believe the hype.</description>
<link>http://www.dansdata.com/hfi550.htm</link>
</item>

<item>
<title>To SLI or not to SLI</title>
<description>In which I go searching for the truth about new-style SLI, and find a lovely CPU by accident.</description>
<link>http://www.dansdata.com/slibox.htm</link>
</item>

<item>
<title>Dan's Data Letters #142</title>
<description>Laptop noise suppression, tacho wire repurposing, external drive options, centralised DC power, and the Book of the Dead (Groovy!).</description>
<link>http://www.dansdata.com/danletters142.htm</link>
</item>

<item>
<title>Atomic I/O letters column #42</title>
<description>Upgrading for Doom, Peltiers redux, thermal goop versus carpet, and the beauty of black heat sinks.</description>
<link>http://www.dansdata.com/io042.htm</link>
</item>

<item>
<title>Dan's Data Letters #141</title>
<description>E-Vectra PSUs, gold plated photons, long thin proto-board, key remapping, brass monkey photography, UV LEDs, silly graphs, and more fools and scams.</description>
<link>http://www.dansdata.com/danletters141.htm</link>
</item>

<item>
<title>Mobiblu DAH-220 MP3 player</title>
<description>The best cassette-shaped MP3 player ever!</description>
<link>http://www.dansdata.com/dah220.htm</link>
</item>

<item>
<title>Silverstone LC11 HTPC case</title>
<description>A slimline enclosure with room for a real PC!</description>
<link>http://www.dansdata.com/lc11.htm</link>
</item>

<item>
<title>Hatin' on lithium ion</title>
<description>Everybody uses 'em, but they're waiting to give you a nasty surprise.</description>
<link>http://www.dansdata.com/gz042.htm</link>
</item>

<item>
<title>SilverStone TJ06 computer case</title>
<description>The most BTX-ish ATX case yet created.</description>
<link>http://www.dansdata.com/tj06.htm</link>
</item>

<item>
<title>Dell Inspiron 9200 laptop computer</title>
<description>Want a 17 inch laptop that doesn't cost a fortune? This is about as close as you'll come.</description>
<link>http://www.dansdata.com/i9200.htm</link>
</item>

</channel>
</rss>