<?xml version="1.0"?>
<!DOCTYPE ejb-jar
   PUBLIC "-//Sun Microsystems, Inc.//DTD Enterprise JavaBeans 2.0//EN"
   "http://java.sun.com/dtd/ejb-jar_2_0.dtd"
>

<ejb-jar>
   <enterprise-beans>
      <session>
	<ejb-name>EchoBean4</ejb-name>
	<home>org.jboss.chap8.ex4.EchoHome</home>
	<remote>org.jboss.chap8.ex4.Echo</remote>
	<ejb-class>org.jboss.chap8.ex4.EchoBean</ejb-class>
        <session-type>Stateless</session-type>
        <transaction-type>Container</transaction-type>
      </session>
   </enterprise-beans>

</ejb-jar>
