<?xml version="1.0"?>

<jboss>
   <enterprise-beans>
      <session>
         <ejb-name>EchoBean4</ejb-name>
         <configuration-name>Standard Stateless SessionBean</configuration-name>
         <invoker-bindings>
            <invoker>
               <invoker-proxy-binding-name>stateless-ssl-invoker</invoker-proxy-binding-name>
            </invoker>
         </invoker-bindings>
      </session>
   </enterprise-beans>

   <invoker-proxy-bindings>
      <invoker-proxy-binding>
         <name>stateless-ssl-invoker</name>
         <invoker-mbean>jboss:service=invoker,type=jrmp,socketType=SSL</invoker-mbean>
         <proxy-factory>org.jboss.proxy.ejb.ProxyFactory</proxy-factory>
         <proxy-factory-config>
            <client-interceptors>
               <home>
                  <interceptor>org.jboss.proxy.ejb.HomeInterceptor</interceptor>
                  <interceptor>org.jboss.proxy.SecurityInterceptor</interceptor>
                  <interceptor>org.jboss.proxy.TransactionInterceptor</interceptor>
                  <interceptor>org.jboss.invocation.InvokerInterceptor</interceptor>
               </home>
               <bean>
                  <interceptor>org.jboss.proxy.ejb.StatelessSessionInterceptor</interceptor>
                  <interceptor>org.jboss.proxy.SecurityInterceptor</interceptor>
                  <interceptor>org.jboss.proxy.TransactionInterceptor</interceptor>
                  <interceptor>org.jboss.invocation.InvokerInterceptor</interceptor>
               </bean>
            </client-interceptors>
         </proxy-factory-config>
      </invoker-proxy-binding>
   </invoker-proxy-bindings>
</jboss>
