<?xml version="1.0" encoding="UTF-8"?>

<poolman>

  <management-mode>local</management-mode>

  <!-- ========================================================== -->
  <!-- These entries are simple examples of minimal JDBC          -->
  <!-- Connection pools. Many of the parameters are optional, and -->
  <!-- there are *many* more parameters available. Consult the    -->
  <!-- UsersGuide.html document and the poolman.xml.template file -->
  <!-- for guidance and element definitions.                      -->
  <!-- ========================================================== -->


  <!-- EXAMPLE 1: A minimally-configured database example -->

  <datasource>

    <dbname>storefront</dbname>
    <jndiName>jndi-storefront</jndiName>
    <driver>com.caucho.jdbc.mysql.Driver</driver>
    <url>jdbc:mysql-caucho://localhost:3306/storefront</url>

    <username>admin</username>
    <password>admin</password>

    <minimumSize>1</minimumSize>
    <maximumSize>10</maximumSize>

    <logFile>c://storefrontdb.log</logFile>
    
    
    <cacheEnabled>true</cacheEnabled>
    <cacheSize>10</cacheSize>
    <cacheRefreshInterval>120</cacheRefreshInterval>
  </datasource>

</poolman>




