<!-- Mapping of User defined classes starts here -->
     
<!-- CUSTOMER MAPPING -->
<ClassDescriptor id="120">
  <class.name>com.oreilly.struts.storefront.businessobjects.CustomerBO</class.name>
  <table.name>CUSTOMER</table.name>
  
  <FieldDescriptor id="1">
    <field.name>id</field.name>
    <column.name>id</column.name>
    <jdbc_type>INTEGER</jdbc_type>
    <PrimaryKey>true</PrimaryKey>
    <autoincrement>true</autoincrement>
  </FieldDescriptor>
  
  <FieldDescriptor id="2">
    <field.name>firstName</field.name>
    <column.name>firstname</column.name>
    <jdbc_type>VARCHAR</jdbc_type>
  </FieldDescriptor>  
  
  <FieldDescriptor id="3">
    <field.name>lastName</field.name>
    <column.name>lastname</column.name>
    <jdbc_type>VARCHAR</jdbc_type>
  </FieldDescriptor>    
  
  <FieldDescriptor id="4">
    <field.name>email</field.name>
    <column.name>email</column.name>
    <jdbc_type>VARCHAR</jdbc_type>
  </FieldDescriptor>  
  
  <FieldDescriptor id="5">
    <field.name>password</field.name>
    <column.name>password</column.name>
    <jdbc_type>VARCHAR</jdbc_type>
  </FieldDescriptor>  
  
  <FieldDescriptor id="6">
    <field.name>accountStatus</field.name>
    <column.name>accountstatus</column.name>
    <jdbc_type>CHAR</jdbc_type>
  </FieldDescriptor> 
  
  <FieldDescriptor id="7">
    <field.name>creditStatus</field.name>
    <column.name>creditstatus</column.name>
    <jdbc_type>CHAR</jdbc_type>
  </FieldDescriptor>     
  
  <CollectionDescriptor id="1">
   <cdfield.name>submittedOrders</cdfield.name>
   <items.class>com.oreilly.struts.storefront.businessobjects.OrderBO</items.class>
   <inverse_fk_descriptor_ids>2</inverse_fk_descriptor_ids>
  </CollectionDescriptor>
</ClassDescriptor>     


<!-- ITEM MAPPING -->
<ClassDescriptor id="100">
  <class.name>com.oreilly.struts.storefront.businessobjects.ItemBO</class.name>
  <table.name>ITEM</table.name>
  
  <FieldDescriptor id="1">
    <field.name>id</field.name>
    <column.name>id</column.name>
    <jdbc_type>INTEGER</jdbc_type>
    <PrimaryKey>true</PrimaryKey>
    <autoincrement>true</autoincrement>
  </FieldDescriptor>
  
  <FieldDescriptor id="2">
    <field.name>displayLabel</field.name>
    <column.name>displaylabel</column.name>
    <jdbc_type>VARCHAR</jdbc_type>
  </FieldDescriptor>
  
  <FieldDescriptor id="3">
    <field.name>description</field.name>
    <column.name>description</column.name>
    <jdbc_type>VARCHAR</jdbc_type>
  </FieldDescriptor>  
  
  <FieldDescriptor id="4">
    <field.name>manufacturer</field.name>
    <column.name>manufacturer</column.name>
    <jdbc_type>VARCHAR</jdbc_type>
  </FieldDescriptor>  
  
  <FieldDescriptor id="5">
    <field.name>sku</field.name>
    <column.name>sku</column.name>
    <jdbc_type>VARCHAR</jdbc_type>
  </FieldDescriptor>
  
  <FieldDescriptor id="6">
    <field.name>minumumSellingUnits</field.name>
    <column.name>minsellingunits</column.name>
    <jdbc_type>INTEGER</jdbc_type>
  </FieldDescriptor>  
  
  <FieldDescriptor id="7">
    <field.name>upc</field.name>
    <column.name>upc</column.name>
    <jdbc_type>VARCHAR</jdbc_type>
  </FieldDescriptor>  
  
  <FieldDescriptor id="8">
    <field.name>modelNumber</field.name>
    <column.name>itemnumber</column.name>
    <jdbc_type>VARCHAR</jdbc_type>
  </FieldDescriptor>  
  
  <FieldDescriptor id="9">
    <field.name>basePrice</field.name>
    <column.name>baseprice</column.name>
    <jdbc_type>DOUBLE</jdbc_type>
  </FieldDescriptor>
  
  <FieldDescriptor id="10">
    <field.name>sellingUOM</field.name>
    <column.name>sellinguom</column.name>
    <jdbc_type>VARCHAR</jdbc_type>
  </FieldDescriptor>
  
  <FieldDescriptor id="11">
      <field.name>onHandQuantity</field.name>
      <column.name>onhandquantity</column.name>
      <jdbc_type>INTEGER</jdbc_type>
  </FieldDescriptor>  
  
  <FieldDescriptor id="12">
    <field.name>feature1</field.name>
    <column.name>featuredesc1</column.name>
    <jdbc_type>VARCHAR</jdbc_type>
  </FieldDescriptor>
  
  <FieldDescriptor id="13">
    <field.name>feature2</field.name>
    <column.name>featuredesc2</column.name>
    <jdbc_type>VARCHAR</jdbc_type>
  </FieldDescriptor>
  
  <FieldDescriptor id="14">
    <field.name>feature3</field.name>
    <column.name>featuredesc3</column.name>
    <jdbc_type>VARCHAR</jdbc_type>
  </FieldDescriptor>  
  
  <FieldDescriptor id="15">
    <field.name>smallImageURL</field.name>
    <column.name>smallimageurl</column.name>
    <jdbc_type>VARCHAR</jdbc_type>
  </FieldDescriptor>  
  
  <FieldDescriptor id="16">
    <field.name>largeImageURL</field.name>
    <column.name>largeimageurl</column.name>
    <jdbc_type>VARCHAR</jdbc_type>
  </FieldDescriptor>  
</ClassDescriptor>


<!-- CATALOG MAPPING -->
<ClassDescriptor id="110">
  <class.name>com.oreilly.struts.storefront.businessobjects.CatalogBO</class.name>
  <table.name>CATALOG</table.name>
  
  <FieldDescriptor id="1">
    <field.name>id</field.name>
    <column.name>id</column.name>
    <jdbc_type>INTEGER</jdbc_type>
    <PrimaryKey>true</PrimaryKey>
    <autoincrement>true</autoincrement>
  </FieldDescriptor>
  
  <FieldDescriptor id="2">
    <field.name>displayLabel</field.name>
    <column.name>displaylabel</column.name>
    <jdbc_type>VARCHAR</jdbc_type>
  </FieldDescriptor>  
  
  <FieldDescriptor id="3">
    <field.name>isFeatured</field.name>
    <column.name>featuredcatalog</column.name>
    <jdbc_type>CHAR</jdbc_type>
  </FieldDescriptor>  
  
  <FieldDescriptor id="4">
    <field.name>description</field.name>
    <column.name>description</column.name>
    <jdbc_type>VARCHAR</jdbc_type>
  </FieldDescriptor>
  
  <CollectionDescriptor id="1">
    <cdfield.name>assignedItems</cdfield.name>
    <items.class>com.oreilly.struts.storefront.businessobjects.ItemBO</items.class>
    <inverse_fk_descriptor_ids>100</inverse_fk_descriptor_ids>
    <indirection_table>CATALOGITEM_LNK</indirection_table>
    <fks_pointing_to_this_class>CATALOGID</fks_pointing_to_this_class>
    <fks_pointing_to_items_class>ITEMID</fks_pointing_to_items_class>
    <auto.retrieve>true</auto.retrieve>
    <auto.update>true</auto.update>
  </CollectionDescriptor>  
</ClassDescriptor>


<ClassDescriptor id="160">
  <class.name>com.oreilly.struts.storefront.businessobjects.LineItemBO</class.name>
  <table.name>LINEITEM</table.name>
  
  <FieldDescriptor id="1">
    <field.name>id</field.name>
    <column.name>id</column.name>
    <jdbc_type>INTEGER</jdbc_type>
    <PrimaryKey>true</PrimaryKey>
    <autoincrement>true</autoincrement>
  </FieldDescriptor>
  
  <FieldDescriptor id="2">
    <field.name>orderId</field.name>
    <column.name>orderid</column.name>
    <jdbc_type>INTEGER</jdbc_type>      
  </FieldDescriptor>
 
  <FieldDescriptor id="3">
    <field.name>itemId</field.name>
    <column.name>itemid</column.name>
    <jdbc_type>INTEGER</jdbc_type>      
  </FieldDescriptor>  
  
  <FieldDescriptor id="4">
    <field.name>quantity</field.name>
    <column.name>quantity</column.name>
    <jdbc_type>INTEGER</jdbc_type>      
  </FieldDescriptor>    
  
  <FieldDescriptor id="5">
    <field.name>extendedPrice</field.name>
    <column.name>extendedprice</column.name>
    <jdbc_type>DOUBLE</jdbc_type>      
  </FieldDescriptor>
  
  <FieldDescriptor id="6">
    <field.name>lineItemNumber</field.name>
    <column.name>lineitemnumber</column.name>
    <jdbc_type>INTEGER</jdbc_type>      
  </FieldDescriptor>
  
 

<!--  <FieldDescriptor id="7">
    <field.name>unitPrice</field.name>
    <column.name>unitprice</column.name>
    <jdbc_type>DOUBLE</jdbc_type>      
  </FieldDescriptor>
  -->

  
  <ReferenceDescriptor id="1">
    <rdfield.name>item</rdfield.name>
    <referenced.class>com.oreilly.struts.storefront.businessobjects.ItemBO</referenced.class>
    <fk_descriptor_ids>3</fk_descriptor_ids>
  </ReferenceDescriptor>
 
  <ReferenceDescriptor id="2">
    <rdfield.name>order</rdfield.name>
    <referenced.class>com.oreilly.struts.storefront.businessobjects.OrderBO</referenced.class>
    <fk_descriptor_ids>2</fk_descriptor_ids>
  </ReferenceDescriptor> 
 </ClassDescriptor>


<!-- ORDER MAPPING -->

<ClassDescriptor id="190">
  <class.name>com.oreilly.struts.storefront.businessobjects.OrderBO</class.name>
  <table.name>PURCHASEORDER</table.name>
  
  <FieldDescriptor id="1">
    <field.name>id</field.name>
    <column.name>id</column.name>
    <jdbc_type>INTEGER</jdbc_type>
    <PrimaryKey>true</PrimaryKey>
    <autoincrement>true</autoincrement>
  </FieldDescriptor>
    
  <FieldDescriptor id="2">
    <field.name>customerId</field.name>
    <column.name>customerid</column.name>
    <jdbc_type>INTEGER</jdbc_type>
  </FieldDescriptor>  

  <FieldDescriptor id="3">
    <field.name>orderStatus</field.name>
    <column.name>status</column.name>
    <jdbc_type>VARCHAR</jdbc_type>
  </FieldDescriptor>  
  
  <FieldDescriptor id="4">
    <field.name>submittedDate</field.name>
    <column.name>submitdttm</column.name>
    <jdbc_type>TIMESTAMP</jdbc_type>
  </FieldDescriptor>  
    
  <FieldDescriptor id="5">
    <field.name>totalPrice</field.name>
    <column.name>totalprice</column.name>
    <jdbc_type>DOUBLE</jdbc_type>
  </FieldDescriptor>   
  
  
  <ReferenceDescriptor id="1">
   <rdfield.name>customer</rdfield.name>
   <referenced.class>com.oreilly.struts.storefront.businessobjects.CustomerBO</referenced.class>
   <fk_descriptor_ids>2</fk_descriptor_ids>
  </ReferenceDescriptor>
  
  <CollectionDescriptor id="1">
   <cdfield.name>lineItems</cdfield.name>
   <items.class>com.oreilly.struts.storefront.businessobjects.LineItemBO</items.class>
   <inverse_fk_descriptor_ids>2</inverse_fk_descriptor_ids>
  </CollectionDescriptor>  
  
</ClassDescriptor>

<!-- Mapping of User defined classes ends here -->

