<?xml version="1.0" encoding="UTF-8"?>
<!-- An example tomcat config that includes an external context.

With this you can reference the /images path from any war deployed
to the Host. For example, a test-ex.war index.html page accessible
at http://localhost/test-ex/index.html that includes images from
the external context:

test-ex.war/index.html
<html>

<body>
<h1>External Images</h1>
   <ul>
      <li><img src="/images/img1.jpg" alt="Image1"></li>
      <li><img src="/images/img1.jpg" alt="Image2"></li>
      <li><img src="/images/img1.jpg" alt="Image3"></li>
   </ul>
</body>

</html> 
-->
<server>

   <mbean code="org.jboss.web.tomcat.tc4.EmbeddedTomcatService"
      name="jboss.web:service=WebServer">

      <attribute name="Java2ClassLoadingCompliance">true</attribute>
      <attribute name="LenientEjbLink">true</attribute>
      <attribute name="UseJBossWebLoader">true</attribute>
      <attribute name="SubjectAttributeName">j_subject</attribute>

      <attribute name="Config">
         <Server>
            <Service name="JBoss-Tomcat">
               <Engine name="MainEngine" defaultHost="localhost">
                  <Logger className="org.jboss.web.tomcat.Log4jLogger"
                     verbosityLevel="debug" category="org.jboss.web.localhost.Engine"/>
                  <Host name="localhost">

                     <!-- Access logger -->
                     <Valve className="org.apache.catalina.valves.AccessLogValve"
                        prefix="localhost_access" suffix=".log"
                        pattern="common" directory="${jboss.server.home.dir}/log"/>

                     <!-- This valve clears any caller identity set by the realm
                     and provides access to the realm about the existence of an
                     authenticated caller to allow a web app to run with a realm
                     that support unauthenticated identities. It also establishes
                     any run-as principal for the servlet being accessed.
                     -->
                     <Valve className="org.jboss.web.tomcat.security.SecurityAssociationValve"/>
                     <!-- Default context parameters -->
                     <DefaultContext cookies="true" crossContext="true" override="true"/>

                     <!-- Add a static context /images using directory /tmp/images -->
                     <Context path="/images" docBase="/tmp/images" debug="1"
                        reloadable="true" crossContext="true">
                     </Context>
                  </Host>
               </Engine>

               <!-- A HTTP/1.1 Connector on port 8080 -->
               <Connector className="org.apache.coyote.tomcat4.CoyoteConnector"
                  address="${jboss.bind.address}" port="8080" minProcessors="5"
                  maxProcessors="100" enableLookups="true" acceptCount="10" debug="0"
                  connectionTimeout="20000" useURIValidationHack="false"/>
            </Service>
         </Server>
      </attribute>
      <depends>jboss:service=TransactionManager</depends>
   </mbean>

</server>
