<?xml version="1.0" encoding="UTF-8"?>
<!-- An example tomcat config that demonstrates virtual hosts configuration
-->
<server>

  <classpath codebase="file:&catalina.home;/common/lib/" archives="*"/>
  <classpath codebase="file:&catalina.home;/server/lib/" archives="*"/>
  <classpath codebase="file:&catalina.home;/bin/" archives="*"/>
  <classpath codebase="file:&catalina.home;/lib/" archives="*"/>
  <classpath codebase="." archives="tomcat4-service.jar"/>
 
  <!-- The SSL domain setup -->
  <mbean code="org.jboss.security.plugins.JaasSecurityDomain"
    name="Security:name=JaasSecurityDomain,domain=RMI+SSL">
    <constructor>
      <arg type="java.lang.String" value="RMI+SSL"/>
    </constructor>
    <attribute name="KeyStoreURL">chap8.keystore</attribute>
    <attribute name="KeyStorePass">rmi+ssl</attribute>
  </mbean>

  <!-- The embedded Tomcat-4.x(Catalina) service configuration -->
  <mbean code="org.jboss.web.catalina.EmbeddedCatalinaServiceSX"
    name="DefaultDomain:service=EmbeddedCatalinaSX">
    <attribute name="CatalinaHome">&catalina.home;</attribute>
    <attribute name="Config">
      <Server>
        <Service name = "JBoss-Tomcat">
          <Engine name="MainEngine" defaultHost="localhost">
            <Logger className = "org.jboss.web.catalina.Log4jLogger"
              verbosityLevel = "debug" category = "org.jboss.web.CatalinaEngine"/>
            <DefaultContext cookies = "true" crossContext = "true" override = "true" />
              <Host name="localhost">
                <Logger className = "org.jboss.web.catalina.Log4jLogger"
                  verbosityLevel = "debug" category = "org.jboss.web.Host=localhost"/>
                <Valve className = "org.apache.catalina.valves.AccessLogValve"
                   prefix = "localhost_access" suffix = ".log"
                   pattern = "common" directory = "../server/default/log" />
             </Host>
              <Host name="banshee.starkinternational.com">
                <Alias>www.starkinternational.com</Alias>
                <Logger className = "org.jboss.web.catalina.Log4jLogger"
                  verbosityLevel = "debug" category = "org.jboss.web.Host=www"/>
                <Valve className = "org.apache.catalina.valves.AccessLogValve"
                   prefix = "www_access" suffix = ".log"
                   pattern = "common" directory = "../server/default/log" />
             </Host>
          </Engine>

          <!-- A HTTP Connector on port 8080 -->
          <Connector className = "org.apache.catalina.connector.http.HttpConnector"
             port = "8080" minProcessors = "3" maxProcessors = "10" enableLookups = "true"
             acceptCount = "10" connectionTimeout = "60000"/>
        </Service>
      </Server>
    </attribute>
  </mbean>

</server>
