<?xml version="1.0" encoding="UTF-8"?>

<!-- The service configuration for the embedded Tomcat4.1.x web container
-->
<server>

   <mbean code="org.jboss.web.tomcat.tc4.EmbeddedTomcatService"
      name="jboss.web:service=WebServer">

      <!-- Get the flag indicating if the normal Java2 parent first class
      loading model should be used over the servlet 2.3 web container first
      model.
      -->
      <attribute name="Java2ClassLoadingCompliance">true</attribute>

      <attribute name="LenientEjbLink">true</attribute>

      <!-- A flag indicating if the JBoss Loader should be used. This loader
      uses a unified class loader as the class loader rather than the tomcat
      specific class loader.
      -->
      <attribute name="UseJBossWebLoader">true</attribute>

      <!-- The name of the request attribute under with the authenticated JAAS
      Subject is stored on successful authentication. If null or empty then
      the Subject will not be stored.
      -->
      <attribute name="SubjectAttributeName">j_subject</attribute>

      <attribute name="Config">
         <Server>
            <Service name="JBoss-Tomcat">
               <Engine name="MainEngine" defaultHost="localhost">
                  <Logger className="org.jboss.web.tomcat.Log4jLogger"
                     verbosityLevel="debug" category="org.jboss.web.localhost.Engine"/>
                  <Host name="localhost">

                     <!-- Access logger -->
                     <Valve className="org.apache.catalina.valves.AccessLogValve"
                        prefix="localhost_access" suffix=".log"
                        pattern="common" directory="${jboss.server.home.dir}/log"/>

                     <!-- This valve clears any caller identity set by the realm
                     and provides access to the realm about the existence of an
                     authenticated caller to allow a web app to run with a realm
                     that support unauthenticated identities. It also establishes
                     any run-as principal for the servlet being accessed.
                     -->
                     <Valve className="org.jboss.web.tomcat.security.SecurityAssociationValve"/>
                     <!-- Default context parameters -->
                     <DefaultContext cookies="true" crossContext="true" override="true"/>
                  </Host>
               </Engine>

               <!-- SSL/TLS Connector configuration -->
               <Connector className = "org.apache.coyote.tomcat4.CoyoteConnector"
                 address="${jboss.bind.address}" port = "8443" scheme = "https" secure = "true">
                 <Factory className = "org.apache.coyote.tomcat4.CoyoteServerSocketFactory"
                   keystoreFile="${jboss.server.home.dir}/conf/server.keystore"
                   keystorePass="tc-ssl"
                   protocol = "TLS"/>
               </Connector>
            </Service>
         </Server>
      </attribute>
      <depends>jboss:service=TransactionManager</depends>
   </mbean>

</server>
