<?xml version="1.0"?>
<!DOCTYPE ejb-jar
   PUBLIC "-//Sun Microsystems, Inc.//DTD Enterprise JavaBeans 2.0//EN"
   "http://java.sun.com/dtd/ejb-jar_2_0.dtd"
>

<ejb-jar>
   <enterprise-beans>
      <session>
	<ejb-name>EchoBean</ejb-name>
	<home>org.jboss.chap7.ex1.EchoHome</home>
	<remote>org.jboss.chap7.ex1.Echo</remote>
	<ejb-class>org.jboss.chap7.ex1.EchoBean</ejb-class>
        <session-type>Stateless</session-type>
        <transaction-type>Container</transaction-type>
        <resource-ref>
         <res-ref-name>ra/DirContextFactory</res-ref-name>
         <res-type>org.jboss.chap7.ex1.ra.DirContextFactory</res-type>
         <res-auth>Container</res-auth>
        </resource-ref>
      </session>

   </enterprise-beans>
</ejb-jar>
