<?xml version="1.0"?>
<!DOCTYPE ejb-jar
   PUBLIC "-//Sun Microsystems, Inc.//DTD Enterprise JavaBeans 2.0//EN"
   "http://java.sun.com/dtd/ejb-jar_2_0.dtd"
>

<ejb-jar>
  <enterprise-beans>
    <session>
      <ejb-name>EchoBean2</ejb-name>
      <home>org.jboss.chap8.ex2.EchoHome</home>
      <remote>org.jboss.chap8.ex2.Echo</remote>
      <ejb-class>org.jboss.chap8.ex2.EchoBean</ejb-class>
      <session-type>Stateless</session-type>
      <transaction-type>Container</transaction-type>
    </session>
  </enterprise-beans>

  <assembly-descriptor>
    <method-permission>
      <role-name>Echo</role-name>
      <method>
        <ejb-name>EchoBean2</ejb-name>
        <method-name>*</method-name>
      </method>
    </method-permission>
  </assembly-descriptor>
</ejb-jar>
