<?xml version="1.0"?>
<jboss>
   <enterprise-beans>
      <message-driven>
         <ejb-name>TextMDB</ejb-name>
         <destination-jndi-name>topic/chap6.ex3.TopicB</destination-jndi-name>
         <mdb-user>john</mdb-user>
         <mdb-passwd>needle</mdb-passwd>
         <mdb-subscription-id>Chap6Ex3</mdb-subscription-id>
         <resource-ref>
            <res-ref-name>jms/TCF</res-ref-name>
            <jndi-name>ConnectionFactory</jndi-name>
         </resource-ref>
      </message-driven>
   </enterprise-beans>
</jboss>
