<?xml version="1.0" encoding="UTF-8"?>
<!-- $Id: invoker-service.xml,v 1.2 2004/04/22 03:53:07 starksm Exp $ -->

<server>

  <!-- The HTTP invoker service configration
  -->
  <mbean code="org.jboss.invocation.http.server.HttpInvoker"
    name="jboss:service=invoker,type=http">
     <!-- Use a URL of the form http://<hostname>:8080/invoker/EJBInvokerServlet
      where <hostname> is InetAddress.getHostname value on which the server
      is running.
      -->
     <attribute name="InvokerURLPrefix">http://</attribute>
     <attribute name="InvokerURLSuffix">:8080/invoker/EJBInvokerServlet</attribute>
     <attribute name="UseHostName">true</attribute>
  </mbean>

  <mbean code="org.jboss.invocation.http.server.HttpInvokerHA"
    name="jboss:service=invoker,type=httpHA">
     <!-- Use a URL of the form http://<hostname>:8080/invoker/EJBInvokerHAServlet
      where <hostname> is InetAddress.getHostname value on which the server
      is running.
      -->
     <attribute name="InvokerURLPrefix">http://</attribute>
     <attribute name="InvokerURLSuffix">:8080/invoker/EJBInvokerHAServlet</attribute>
     <attribute name="UseHostName">true</attribute>
  </mbean>

   <!-- Expose the Naming service interface via HTTP -->
   <mbean code="org.jboss.invocation.http.server.HttpProxyFactory"
      name="jboss:service=invoker,type=http,target=Naming">
      <!-- The Naming service we are proxying -->
      <attribute name="InvokerName">jboss:service=Naming</attribute>
      <!-- Compose the invoker URL from the cluster node address -->
      <attribute name="InvokerURLPrefix">http://</attribute>
      <attribute name="InvokerURLSuffix">:8080/invoker/JMXInvokerServlet</attribute>
      <attribute name="UseHostName">true</attribute>
      <attribute name="ExportedInterface">org.jnp.interfaces.Naming</attribute>
      <attribute name="JndiName"></attribute>
      <attribute name="ClientInterceptors">
          <interceptors>
             <interceptor>org.jboss.proxy.ClientMethodInterceptor</interceptor>
             <interceptor>org.jboss.proxy.SecurityInterceptor</interceptor>
             <interceptor>org.jboss.naming.interceptors.ExceptionInterceptor</interceptor>
             <interceptor>org.jboss.invocation.InvokerInterceptor</interceptor>
          </interceptors>
      </attribute>
   </mbean>

   <!-- Expose the Naming service interface via HTTPS -->
   <mbean code="org.jboss.invocation.http.server.HttpProxyFactory"
      name="jboss:service=invoker,type=https,target=Naming">
      <!-- The Naming service we are proxying -->
      <attribute name="InvokerName">jboss:service=Naming</attribute>
      <!-- Compose the invoker URL from the cluster node address -->
      <attribute name="InvokerURLPrefix">https://</attribute>
      <attribute name="InvokerURLSuffix">:8443/invoker/JMXInvokerServlet</attribute>
      <attribute name="UseHostName">true</attribute>
      <attribute name="ExportedInterface">org.jnp.interfaces.Naming</attribute>
      <attribute name="JndiName"></attribute>
      <attribute name="ClientInterceptors">
          <interceptors>
             <interceptor>org.jboss.proxy.ClientMethodInterceptor</interceptor>
             <interceptor>org.jboss.proxy.SecurityInterceptor</interceptor>
             <interceptor>org.jboss.naming.interceptors.ExceptionInterceptor</interceptor>
             <interceptor>org.jboss.invocation.InvokerInterceptor</interceptor>
          </interceptors>
      </attribute>
   </mbean>

   <!-- Expose the Naming service interface via clustered HTTP. This maps
   to the ReadOnlyJNDIFactory servlet URL
   -->
   <mbean code="org.jboss.invocation.http.server.HttpProxyFactory"
      name="jboss:service=invoker,type=http,target=Naming,readonly=true">
      <attribute name="InvokerName">jboss:service=Naming</attribute>
      <attribute name="InvokerURLPrefix">http://</attribute>
      <attribute name="InvokerURLSuffix">:8080/invoker/readonly/JMXInvokerServlet</attribute>
      <attribute name="UseHostName">true</attribute>
      <attribute name="ExportedInterface">org.jnp.interfaces.Naming</attribute>
      <attribute name="JndiName"></attribute>
      <attribute name="ClientInterceptors">
          <interceptors>
             <interceptor>org.jboss.proxy.ClientMethodInterceptor</interceptor>
             <interceptor>org.jboss.proxy.SecurityInterceptor</interceptor>
             <interceptor>org.jboss.naming.interceptors.ExceptionInterceptor</interceptor>
             <interceptor>org.jboss.invocation.InvokerInterceptor</interceptor>
          </interceptors>
      </attribute>
   </mbean>
</server>
