<Server>

   <!-- Use a custom version of StandardService that allows the
   connectors to be started independent of the normal lifecycle
   start to allow web apps to be deployed before starting the
   connectors.
   -->
   <Service name="jboss.web"
      className="org.jboss.web.tomcat.tc5.StandardService">

      <Connector port="8443" address="${jboss.bind.address}"
           maxThreads="100" minSpareThreads="5" maxSpareThreads="15"
           scheme="https" secure="true" clientAuth="false"
           keystoreFile="${jboss.server.home.dir}/conf/chap8.keystore"
           keystorePass="rmi+ssl"
           securityDomainName = "java:/jaas/RMI+SSL"  sslProtocol = "TLS" />

   

      <Engine name="jboss.web" defaultHost="localhost">

         <!-- The JAAS based authentication and authorization realm implementation
            - certificatePrincipal : the class name of the
            org.jboss.security.auth.certs.CertificatePrincipal impl
            used for mapping X509[] cert chains to a Princpal.
         -->
         <Realm className="org.jboss.web.tomcat.security.JBossSecurityMgrRealm"
            certificatePrincipal="org.jboss.security.auth.certs.SubjectDNMapping"
            />

         <Logger className="org.jboss.web.tomcat.Log4jLogger"
            verbosityLevel="WARNING"
            category="org.jboss.web.localhost.Engine"/>

         <Host name="localhost"
            autoDeploy="false" deployOnStartup="false" deployXML="false">

            <!-- Uncomment to enable request dumper. This Valve "logs interesting 
                 contents from the specified Request (before processing) and the 
                 corresponding Response (after processing). It is especially useful 
                 in debugging problems related to headers and cookies."
            -->
            <!--
            <Valve className="org.apache.catalina.valves.RequestDumperValve" />
            -->

            <!-- Access logger -->
            <!--
            <Valve className="org.apache.catalina.valves.AccessLogValve"
               prefix="localhost_access_log." suffix=".log"
               pattern="common" directory="${jboss.server.home.dir}/log" 
               resolveHosts="false" />
            -->

            <!-- Uncomment to enable single sign-on across web apps
               deployed to this host. Does not provide SSO across a cluster.     
            
               If this valve is used, do not use the JBoss SingleSignOn valve 
               shown below. 
            -->
            <!--
            <Valve className="org.apache.catalina.authenticator.SingleSignOn"
               debug="0"/>
            -->
         
            <!-- Uncomment to check for unclosed connections in servlets/jsps
            <Valve className="org.jboss.web.tomcat.tc5.jca.CachedConnectionValve"
                cachedConnectionManagerObjectName="jboss.jca:service=CachedConnectionManager" />
            -->

            <!-- Default context parameters -->
            <DefaultContext cookies="true" crossContext="true" override="true"/>

         </Host>

      </Engine>

   </Service>

</Server>
