<?xml version="1.0" encoding="iso-8859-1"?>

<!-- >e-novative> DocBook Environment (eDE)                                  -->
<!-- (c) 2002 e-novative GmbH, Munich, Germany                               -->
<!-- http://www.e-novative.de                                                -->

<!-- DocBook entities template                                               -->

<!-- This file is part of eDE                                                -->

<!-- eDE is free software; you can redistribute it and/or modify             -->
<!-- it under the terms of the GNU General Public License as published by    -->
<!-- the Free Software Foundation; either version 2 of the License, or       -->
<!-- (at your option) any later version.                                     -->

<!-- eDE is distributed in the hope that it will be useful,                  -->
<!-- but WITHOUT ANY WARRANTY; without even the implied warranty of          -->
<!-- MERCHANTABILITY or FITNESS FOR A PARTICULAR PURPOSE.  See the           -->
<!-- GNU General Public License for more details.                            -->

<!-- You should have received a copy of the GNU General Public License       -->
<!-- along with eDe; if not, write to the Free Software                   -->
<!-- Foundation, Inc., 59 Temple Place, Suite 330, Boston, MA 02111-1307 USA -->

  <chapter>
    <title>User Guidelines</title>
    <sect1>
      <title>Account Management</title>
      <para>Account management involves creating accounts, managing your profile, and watching
        threads</para>
      <sect2>
        <title>Adding a new User Account (member registration)</title>
        <para>To actively participate in a forum, users will want to establish accounts
          with the forum so that they can be notified of updates to a forum or a thread;
          so that they can customize their profile; and so that they can be credited
          with their participation.  To create a new user account, click on the 
          New User link in the navigation bar near the top of the forum page.  Once you have
          clicked on this link, the forum loads a template for creating a new user account.</para>
        <para>Complete the fields on this form and click the Register button at the bottom.
          The fields with the star icon (*) are required for successfully creating a 
          new user account.  See the <xref linkend="user_profile"/> for further
          explanation of the fields on this form.</para>
      </sect2>
      <sect2>
        <title>Account access to forums and threads</title>
        <para>
          Users have access to forums based on the group they belong to.  The following permission-based forum
            groups are provided by mvnForum as a framework for enabling certain users as moderators and forum 
            administrators
            <itemizedlist>
               <listitem><para>Normal user - can use avatar; send messages; add and read posts/threads; get attachments</para></listitem> 
               <listitem><para>Forum Moderator - adds to Normal user - can edit Forum/Category; delete post; manage polls (to be added); and use attachments</para></listitem> 
               <listitem><para>Forum Admin - adds to Moderator - can delete Forum/Category</para></listitem>           
            </itemizedlist>
        </para>
      </sect2>
    </sect1>
    <sect1 id="user_profile">
      <title>Profile Settings</title>
      <para>User accounts can be customized by changing the user profile settings.  The settings are stored
        by the forum and tied to each user account. Following are the profile settings available and
        an explanation for each
        <itemizedlist>
          <title>User Profile Settings</title>
          <listitem><para>Member ID - Shows this profile user's member id.  The member ID is a unique identifier used to create posts, participate in watches and moderate forums.</para></listitem>
          <listitem><para>First Name - Shows this profile user's first name</para></listitem>
          <listitem><para>Last Name - Shows this profile user's last name</para></listitem>
          <listitem><para>Email - Shows the email this profile is associated with.  To receive watch notifications and allow other users to contact you offline, enter a valid email account address you have access to.</para></listitem>
          <listitem><para>Show Email - Shows whether this profile's email will be shown on posts and in the user lists.  To disable the display of your email address, uncheck this option.</para></listitem>
          <listitem><para>Name Visible - Shows whether this profile's name is visible in posts.  To post anonymously using your profile, uncheck this option.</para></listitem>
          <listitem><para>Address - Shows this user's address</para></listitem>
          <listitem><para>City - Shows this user's city</para></listitem>
          <listitem><para>State - Shows this user's state</para></listitem>
          <listitem><para>Country - Shows this user's country</para></listitem>
          <listitem><para>Gender - Shows this user's gender</para></listitem>
          <listitem><para>Birthday - Shows this user's date of birth</para></listitem>
          <listitem><para>Career - Shows this user's profession or avocation</para></listitem>
          <listitem><para>Home page - Shows this user's home page or a link this user considers to be particularly intersting</para></listitem>
          <listitem><para>Cool Link 1 - Shows a link this user considers to be particularly cool</para></listitem>
          <listitem><para>Cool Link 2 - Shows a second link this user considers to be particularly cool</para></listitem>
          <listitem><para>Yahoo ID - Shows the Yahoo ID for this profile.  mvnForum shows this icon and a link to access the user's messenger ID on each post.</para></listitem>
          <listitem><para>AOL ID - Shows the AOL ID for this profile.  mvnForum shows this icon and a link to access the user's messenger ID on each post.</para></listitem>
          <listitem><para>ICQ ID - Shows the ICQ ('I seek you') or client for IRC ('Internet Relay Chat') ID for this profile.  mvnForum shows this icon and a link to access the user's messenger ID on each post.</para></listitem>
          <listitem><para>MSN ID - Shows the Microsoft Messenger ID for this profile.  mvnForum shows this icon and a link to access the user's messenger ID on each post.</para></listitem>
          <listitem><para>Signature - Shows the signature this profile uses.  Signatures are statements that are appended to the end of each profile. </para></listitem>
          <listitem><para>Join Date - Shows the date this user created this profile</para></listitem>
          <listitem><para>Last Login - Shows the date the user logged in last</para></listitem>
          <listitem><para>Last profile update - Shows the last time this profile was updated</para></listitem>
          <listitem><para>Posts - Shows the number of posts this user has made</para></listitem>
          <listitem><para>Views - Shows the number of times this profile has been viewed</para></listitem>
        </itemizedlist>
      </para>
      <sect2>
        <title>Change Profile Information</title>
        <para>Once an account has been created, you can change your profile settings. The changes might reflect a new email address,
          a changed name, or an update to a signature.
        </para>
        <para>To make a change, log in to the forum site and click on the <guimenuitem>My Profile</guimenuitem> link in the 
           forum navigation bar (usually located near to top of the page).  Click on the <guimenuitem>Change my Information</guimenuitem>
           link to access the profile editing form.
        </para>
        <para>Make changes to your profile settings and click on the <guibutton>Edit My Information</guibutton> button 
          at the bottom of the form.
        </para>
      </sect2>
      <sect2>
        <title>Change Email Address</title>
        <para>The email address is an important part of your profile.  mvnForum uses the email address to notify you 
          of changes to forums and threads you are watching.  Make sure to keep this address up to date.
        </para>
        <para>To make a change, log in to the forum site and click on the <guimenuitem>My Profile</guimenuitem> link in the 
           forum navigation bar (usually located near to top of the page).  Click on the <guimenuitem>Change my Email</guimenuitem>
           link to access the email editing form.
        </para>
        <para>Update your email address, confirm the change, and click on the <guibutton>Change Email</guibutton> button 
          at the bottom of the form.
        </para>
      </sect2>
      <sect2>
        <title>Change password</title>
        <para>Your password is how you protect your account from being used by others to create and change forum posts under
          your member ID.<note><para>mvnForum stores the passwords in a database, encrypted through a common algorithm that
            can be comprimised by anyone with access to the database, therefor, it is advised to use a password that
            you are confortable with at least the administrator of the forum having access to (don't use your bank account
            password).</para></note>.
        </para>
        <para>To make a change, log in to the forum site and click on the <guimenuitem>My Profile</guimenuitem> link in the 
           forum navigation bar (usually located near to top of the page).  Click on the <guimenuitem>Change my Password</guimenuitem>
           link to access the password editing form.
        </para>
        <para>Enter your original password, enter a new password, confirm the change, and click on the <guibutton>Change Password</guibutton> button 
          at the bottom of the form.
        </para>
      </sect2>
      <sect2>
        <title>Change Avatar</title>
        <para>Avatars are the icons that will be displayed along with your posts, a nice way to customize your posts. You can either use
          an avatar provided by the forum, or provide your own avatar icon.  Currently, mvnForum supports avatar images of the following
          formats: Jpg, Gif, and Png with heights and widths no more than 150 pixels and a total compressed size of no more than 60,000 bytes.
        </para>
        <para>To change you avatar, either select from the list of predefined avatars or load you own avatar to the forum.
           <itemizedlist>
             <listitem><para>To use a predefined avatar image, select from the list of avatars in the list provided in section 1.  Click
               the <guibutton>Change Avatar</guibutton> button below the list</para></listitem>             
             <listitem><para>To use a your own avatar image, either click the <guibutton>Browse...</guibutton> botton or enter the path and file name in the text
              box in section 2.  With the name of the file in the text box, click the <guibutton>Upload Avatar</guibutton> button to load
              the image onto the forum site.</para></listitem>
           </itemizedlist>
        </para>
      </sect2>
      <sect2 id="user_signature">
        <title>Change Signature</title>
        <para>The signature is a statement, quote, or disclaimer the forum will attach to the bottom of each post you make.
        </para>
        <para>To make a change, log in to the forum site and click on the <guimenuitem>My Profile</guimenuitem> link in the 
           forum navigation bar (usually located near to top of the page).  Click on the <guimenuitem>Change my Signature</guimenuitem>
           link to access the signature editing form.
        </para>
        <para>Update your signature and click the <guibutton>Change Signature</guibutton> button 
          at the bottom of the form.
        </para>
      </sect2>
      <sect2 id="user_activate">
        <title>Active Account</title>
        <para>To confirm that you have entered a valid email address, you must activate your account.  An activated account
          can participate in the forum <link linkend="user_watches">watches</link>.
        </para>
        <para>To activate your account, click on the <guimenuitem>activate your account</guimenuitem> link on the login page or
           on the <guimenuitem>Activate My Account</guimenuitem> link on the My Profile page once you have logged in.
        </para>
        <para>Enter your member ID and your email address and click on the <guibutton>Send account activation instruction to my email</guibutton> 
          button at the bottom of the form.
        </para>
        <para>mvnForum will attempt to send this email account activation instructions.  
          Once you receive the activation code, return to mvnforum and use the link in your activation email 
          to activate your account.
        </para>
      </sect2>
      <sect2 id="user_watches">
        <title>Change Watches</title>
        <para>mvnForum provides a common means to track updates to threads in a forum you have a particular interest or responses to posts you make.
          This means is called a watch.  A watch is the request to receive notifications (currently by email) of updates to posts or threads in 
          a forum that you are interested in following.  To request watches, you must <link linkend="user_activate">activate your account</link>.
        </para>
        <para>To request a watch, log in to the forum site and click on the <guimenuitem>My Profile</guimenuitem> link in the 
           forum navigation bar (usually located near to top of the page).  Click on the <guimenuitem>My Watch</guimenuitem>
           link to access the watch management form.
        </para>
        <para>In this form, review your currently active threads. The types of watches available are global watches, category watches, forum watches, 
           and thread watches.
           <itemizedlist>
             <title>Description of Watch Types</title>
             <listitem><para>Global watch - watch all the posts in all the forums in all the categories - this could get quite busy</para></listitem>
             <listitem><para>Category watch - watch all the posts in all the forums in in a particular category</para></listitem>
             <listitem><para>Forum watch - watch all the posts in a particular forum</para></listitem>
             <listitem><para>Thread watch - watch all the updates to a particular thread</para></listitem>
           </itemizedlist>
        </para>
        <para>To create a watch, click on the <guimenuitem>Add Watch</guimenuitem> link in the My Watch header.  Select your watch type by clicking
          on one of the bullets in the list. 
           <itemizedlist>
             <title>Creating Watches by Type</title>
             <listitem><para>Global watch - the form will inform you that you will be watching the whole system</para></listitem>
             <listitem><para>Category watch - the form will load the list of categories currently available to watch.  
               To watch more than 1 category you must create one watch for each category.</para></listitem>
             <listitem><para>Forum watch - the form will load the list of forums currently available to watch.  The list is
               grouped by category with the forum names under the dashed lines.  To watch more than 1 forum you must
               create one watch for each forum; to watch all the forums in a category, create a category watch.</para></listitem>
             <listitem><para>Thread watch - the form will prompt you for a thread ID.  Thread IDs can be seen in the URL of the page
               displaying the thread.  Alternatively, if the URL is not available (ie, if the forum is embedded in frames), then
               the thread ID can be found my holding you mouse over many of the icon links on a post page.</para></listitem>
           </itemizedlist>
        </para>
        <para>Either select the category/forum or enter the thread id and click on the <guibutton>Watch It</guibutton> button at
          the bottom of the form.
        </para>
        <para>To delete a watch, navigate to the watch summary page and click on the <guibutton>Delete</guibutton> link to the 
          right of the watch you wish to terminate.
        </para>
      </sect2>
    </sect1>
    <sect1>
      <title>Posting</title>
      <para>A post is a comment or question to post to a forum that should have some relationship to the topics represented
        in the forum.  Posts that do not adhere to the theme of the forum are considered 'off topic' and quite often
        posting off topic is considered taboo (and can be moderated, and may even result in being banned from the forum).
      </para>
      <sect2>
        <title>Creating and Editing Posts</title>
        <para>To start a discussion about a topic of interest or to respond to comment or question posed in another thread,
          you create a post.  The first post in a thread defines the name of the thread.  Therefore, the topic of the first
          post in a thread should be descriptive enough to give participants in a forum enough of an idea what the question
          is or what your opinion is that they can decide whether to participate without having to access the post's body.
        </para>
        <para>A post has the following basic elements
          <itemizedlist>
            <listitem><para>Topic - the title of the post, which is also the title of the thread if this is the first post in the thread.  
              Should be a concise declaration of your question or observation</para></listitem>
            <listitem><para>Body - the full text of the post, including links to images and content on external web sites.</para></listitem>
            <listitem><para>Post icon - an optional icon to associate with this post/thread</para></listitem>
            <listitem><para>Signature - your <link linkend="user_signature">signature</link> to append to the end of the post.</para></listitem>
            <listitem><para>Formatting - html formatting options for text and smilies icons in the post.</para></listitem>
          </itemizedlist>
        </para>
        <para>To access the post editing form to create a new post, either
          <itemizedlist>
            <listitem><para>click on the <guimenuitem>Index</guimenuitem> link in the forum navigation menu to access the Category/Forum list.  
              Click on the name of the forum to access the thread link.  Click on the <guimenuitem>Post new Thread</guimenuitem> link near the 
              top right corner of the list of threads in the forum.</para></listitem>
            <listitem><para>(with a post active) click on the <guimenuitem>Post new Thread</guimenuitem> link near the 
              top right corner of the list of threads in the forum or the bottom right corner of the list of threads.</para></listitem>
            <listitem><para>(with a post active) click on the <guimenuitem>Reply to this Post</guimenuitem> link in the top
              right corner of a particular post to reply to the post in question.</para></listitem>
          </itemizedlist>
        </para>
        <para>With the post editing form loaded, enter the Topic, body, post icon and click the <guibutton>Post new Thread</guibutton> button
          or the <guibutton>Preview</guibutton> button at the bottom of the form.
        </para>
      </sect2>
      <sect2>
        <title>Formatting Posts</title>
        <para>By default, a new post will present the text the user typed into the body section as plain text without any formatting.  The one
          exception to this is that carraige returns will be preserved and presented to readers as new lines.  To edit the format of posts, 
          use the basic formatting tools provided in the 'normal' mode or the enchanged mode which adds the ability to nest formatting tags.
        </para>
        <para>
          <mediaobject>
            <imageobject>
              <imagedata fileref="figure/post.png" format="PNG"/>
            </imageobject>
            <textobject>
              <phrase>A sample post edit page</phrase>
            </textobject>
            <caption>
               <para>A sample post page with some formatting and smilies
               </para>
            </caption>
          </mediaobject>
        </para>
        <para>To format a section of text, such as to emphasis it with bold 
          lettering, or to include a link to an external image such as
          an image on a website you wish to refer to in your post, use the 
          buttons in the Format section of the post edit page.  Using the 
          normal mode to use the formatting buttons to insert a formatting  
          instruction, click on the button and enter the text you want to 
          format in the given manner.  In other words, to format a section 
          of text to be bold, click on the <guibutton>B</guibutton> button, 
          enter the text to be made bold, and click the OK button on the
          dialog.
        </para>
      </sect2>
      <sect2>
        <title>Following Posts (watches)</title>
        <para>
        </para>
      </sect2>
    </sect1>
    <sect1>
      <title>Groups</title>
      <para>mvnForum users are able to perform activities in the forum environment 
       based on the group(s) they belong to.  In addition to being able to manage 
       forums and create threads, mvnForum will support limiting read and/or edit individual
       forums based on inclusion in a group.  Only site administrators can currently 
       manage group membership.  See the administrator <link linkend="admin_groups">group
       </link> management documentation for further information.</para>
    </sect1>
    <sect1>
      <title>Searching</title>
      <para></para>
      <sect2>
        <title>Basic Search</title>
        <para>
        </para>
      </sect2>
      <sect2>
        <title>Advanced Search</title>
        <para>
        </para>
      </sect2>
    </sect1>
    <sect1>
      <title>Watching Topics</title>
      <para></para>
      <sect2>
        <title>Creating a Watch</title>
        <para>
        </para>
      </sect2>
      <sect2>
        <title>Managing Watches</title>
        <para>
        </para>
      </sect2>
    </sect1>
    <sect1>
      <title>Moderating</title>
      <para></para>
    </sect1>
  </chapter>
