<?xml version="1.0" encoding="iso-8859-1"?>

<!-- >e-novative> DocBook Environment (eDE)                                  -->
<!-- (c) 2002 e-novative GmbH, Munich, Germany                               -->
<!-- http://www.e-novative.de                                                -->

<!-- DocBook entities template                                               -->

<!-- This file is part of eDE                                                -->

<!-- eDE is free software; you can redistribute it and/or modify             -->
<!-- it under the terms of the GNU General Public License as published by    -->
<!-- the Free Software Foundation; either version 2 of the License, or       -->
<!-- (at your option) any later version.                                     -->

<!-- eDE is distributed in the hope that it will be useful,                  -->
<!-- but WITHOUT ANY WARRANTY; without even the implied warranty of          -->
<!-- MERCHANTABILITY or FITNESS FOR A PARTICULAR PURPOSE.  See the           -->
<!-- GNU General Public License for more details.                            -->

<!-- You should have received a copy of the GNU General Public License       -->
<!-- along with eDe; if not, write to the Free Software                   -->
<!-- Foundation, Inc., 59 Temple Place, Suite 330, Boston, MA 02111-1307 USA -->

  <chapter>
    <title>Introduction</title>
    <sect1>
      <title>What is a Forum</title>
      <para>
        <blockquote>
          <attribution>searchvb.com</attribution>
          <para> 		
            A discussion board (known also by various other names such as discussion group, 
            discussion forum, message board, and online forum) is a general term for any 
            online "bulletin board" where you can leave and expect to see responses to 
            messages you have left. Or you can just read the board. The first discussion 
            boards were available on bulletin board systems. On the Internet, 
            Usenet provides thousands of discussion boards; these can now sometimes be 
            viewed from a Web browser.
          </para>
        </blockquote>
        <emphasis>mvnForum</emphasis> is an open source, powerful, easy to use, easy to setup bulletin board (forum) built using Java J2EE technologies (Java Server Pages/Servlets). 
        <emphasis>mvnForum</emphasis> is compatible with any Servlet Container which supports Jsp 1.2 and Servlet 2.3. <emphasis>mvnFourm</emphasis> is free, opensource and released under the terms of the GNU General Public License. 
        This means that you can use it free of charge to build your own discussion communities.  We hope you find its design and features useful and please provide feedback on your use and improvements.
      </para>
    </sect1>
    <sect1>
      <title>Features</title>
      <para>
         Please note that below is a list of the most significant features.
      </para>
      <para>
      	<emphasis>New features in mvnForum 1.0.0 rc 1 - dev: - <ulink url="docs/Changes.txt">Change Log</ulink> - <ulink url="docs/ToDo.txt">Todo List</ulink> - [hot]</emphasis>
      	<itemizedlist spacing="compact">
      	  <listitem><para>[Security]: User can now delete cookie (in login page) for better security </para></listitem>
      	  <listitem><para>[Security]: Add configuration option to ensure Email Validation before the user can login </para></listitem>
      	  <listitem><para>Support setting/customize Member's Title </para></listitem>
      	  <listitem><para>Improved User Management </para></listitem>
      	  <listitem><para>Support Global/Category/Forum/Thread Watch [cool] </para></listitem>
      	  <listitem><para>Improved IP blocking: now support IP range blocking (eg. 127.0.0.*) </para></listitem>
      	  <listitem><para>Powerful logging system with Jakarta Common Logging </para></listitem>
      	  <listitem><para>Localization: 4 additional languages: Italian, German, French and Danish </para></listitem>
      	  <listitem><para>Database: 1 additional database: SAPDB </para></listitem>
      	  <listitem><para>Support 1 additional tags: [code] (to format code)</para></listitem>
      	</itemizedlist>
      	<emphasis>Features in mvnForum 1.0.0 beta3: - <ulink url="download.jsp">Download Now</ulink></emphasis>
      	<itemizedlist spacing="compact">
      	  <listitem override="none"><para><emphasis>General features:</emphasis> </para></listitem>
      	  <listitem><para>Based on MVC architecture </para></listitem>
      	  <listitem><para>Built-in Database connection pool </para></listitem>
      	  <listitem><para>Support Datasource configuration if your Servlet Container supports Datasource </para></listitem>
      	  <listitem><para>Multi-databases (currently supports 6 DBMS: MySQL, Oracle, Sql Server, postgreSQL, hsqldb, Interbase/Firebird) [beta3] </para></listitem>
      	  <listitem><para>Localization (currently localized in 6 languages: English, Vietnamese, Russian, Traditional Chinese, Simplified Chinese, Spanish) [beta3] </para></listitem>
      	  <listitem><para>Internationalization (support all languages in the backend) [beta3] </para></listitem>
      	  <listitem><para>Date/time are correctly formated based on user preferred locale [beta3] </para></listitem>
      	  <listitem><para>Support automatic login (use cookie) [beta3] </para></listitem>
      	  <listitem><para>New Online FAQ/Documentation [beta3]</para></listitem>
      	</itemizedlist>
      	<itemizedlist spacing="compact">
      	  <listitem override="none"><para><emphasis>Security features:</emphasis> </para></listitem>
      	  <listitem><para>User cannot view email until he have logged in (avoid spam and email-harvest tools) </para></listitem>
      	  <listitem><para>MD5 Encrypted Passwords for greater security </para></listitem>
      	  <listitem><para>Password Reset via email (forgot password) </para></listitem>
      	  <listitem><para>Support IP block to prevent certain IP to access the system [beta3] </para></listitem>
      	  <listitem><para>In Admin Zone, only show links that user have previledge on them [beta3] </para></listitem>
      	  <listitem><para>Support realm authentication [beta3] </para></listitem>
      	  <listitem><para>Support any customized authentication [beta3] </para></listitem>
      	</itemizedlist>
      	<itemizedlist spacing="compact">
      	  <listitem override="none"><para><emphasis>User features: </emphasis> </para></listitem>
      	  <listitem><para>Member lists </para></listitem>
      	  <listitem><para>Viewable profiles </para></listitem>
      	  <listitem><para>Comprehensive User Control Panel </para></listitem>
      	  <listitem><para>Who's Online allows you to view all users visiting your board </para></listitem>
      	  <listitem><para>User now can choose a prefered displayed language when registering [beta3] </para></listitem>
      	  <listitem><para>Support Post Preview [beta3] </para></listitem>
      	  <listitem><para>Users can (optionally) edit posts </para></listitem>
      	  <listitem><para>Support 5 sorting options when viewing Recent threads and Threads in forum </para></listitem>
      	  <listitem><para>Support most of mvnCode, such as [b] : bold, [color=deeppink] : Deep pink text </para></listitem>
      	  <listitem><para>Support 5 additional tags: [quote] , [url] , [size] , [font] and [list] [beta3] </para></listitem>
      	  <listitem><para>Support full mvnEmotion, such as [:)] , [:D]  [improved] </para></listitem>
      	  <listitem><para>User can choose avatar, either from built-in avatars or upload his own avatar (Jpg/Gif/Png) [improved] </para></listitem>
      	  <listitem><para>Dynamic Signatures </para></listitem>
      	  <listitem><para>Show link for AIM, Yahoo Messenger, ICQ [beta3] </para></listitem>
      	  <listitem><para>Support Thread/Post icons [beta3] </para></listitem>
      	  <listitem><para>Show new/nonew status of a forum [beta3] </para></listitem>
      	  <listitem><para>Show hot/normal and new/nonew status of a thread [beta3] </para></listitem>
      	  <listitem><para>Show member's title based on the number of posts [beta3] </para></listitem>
      	</itemizedlist>
      	<itemizedlist spacing="compact">
      	  <listitem override="none"><para><emphasis>Administration features:</emphasis> </para></listitem>
      	  <listitem><para>Based on MVC architecture </para></listitem> 
      	  <listitem><para>Comprehensive system information and system diagnosis </para></listitem>
      	  <listitem><para>Create an unlimited amount of forums </para></listitem>
      	  <listitem><para>Re-order, edit forums at any time </para></listitem>
      	  <listitem><para>Create an unlimited amount of categories </para></listitem>
      	  <listitem><para>Re-order, edit categories at any time </para></listitem>
      	  <listitem><para>Admin can view the IP of any post (both creation time and last edit time) </para></listitem>
      	  <listitem><para>Enable/disable member (disabled member cannot login) [beta3] </para></listitem>
      	  <listitem><para>ForumAdmin can delete any forums at any time </para></listitem>
      	  <listitem><para>ForumAdmin can delete empty category [beta3] </para></listitem>
      	  <listitem><para>Moderator can edit any posts at any time </para></listitem>
      	  <listitem><para>Moderator can delete any posts at any time [beta3] </para></listitem>
      	  <listitem><para>Moderator can delete any threads at any time [improved] </para></listitem>
      	  <listitem><para>Assign members to any group at any time </para></listitem>
      	  <listitem><para>Admin can remove member from group at any time </para></listitem>
      	  <listitem><para>Admin can delete any groups at any time </para></listitem>
      	  <listitem><para>Restrict permissions for an entire group at a time </para></listitem>
      	  <listitem><para>Admin can email in the AdminZone </para></listitem>
      	  <listitem><para>Allow access to the moderation features </para></listitem>
      	  <listitem><para>Allow access to the Administration Control Panel </para></listitem>
      	</itemizedlist>
      </para>
    </sect1>
  </chapter>
