<?xml version="1.0" encoding="iso-8859-1"?>

<!-- >e-novative> DocBook Environment (eDE)                                  -->
<!-- (c) 2002 e-novative GmbH, Munich, Germany                               -->
<!-- http://www.e-novative.de                                                -->

<!-- DocBook entities template                                               -->

<!-- This file is part of eDE                                                -->

<!-- eDE is free software; you can redistribute it and/or modify             -->
<!-- it under the terms of the GNU General Public License as published by    -->
<!-- the Free Software Foundation; either version 2 of the License, or       -->
<!-- (at your option) any later version.                                     -->

<!-- eDE is distributed in the hope that it will be useful,                  -->
<!-- but WITHOUT ANY WARRANTY; without even the implied warranty of          -->
<!-- MERCHANTABILITY or FITNESS FOR A PARTICULAR PURPOSE.  See the           -->
<!-- GNU General Public License for more details.                            -->

<!-- You should have received a copy of the GNU General Public License       -->
<!-- along with eDe; if not, write to the Free Software                   -->
<!-- Foundation, Inc., 59 Temple Place, Suite 330, Boston, MA 02111-1307 USA -->

  <chapter>
    <title>Administration</title>
    <sect1>
      <title>General</title>
      <para>To perform general forum administration tasks, such as testing the configuration
      of the forum installation or building the search index, visit the Miscellaneous tasks
      page.</para>
        <sect2>
          <title>Test System Configuration</title>
          <para>To test the database, mail support, indexing support and image processing support, 
            click the Test System Configuration link on the Miscellaneous page or on the Admin Control Panel page.
            The following system parameters are tested.  A brief explanation on the significance of each
            and where to look to correct the problem.
             <itemizedlist>
              <listitem><para>Support JNDI - required for the Java Application Server to locate the forum framework classes.  
                If this is missing then most likely the forum is not installed properly.</para></listitem>
              <listitem><para>Java SQL Ext - the standard Java SQL extensions  provide standard connection pool via the javax.sql.DataSource</para></listitem>
              <listitem><para>Java Activation Framework - required for JavaMail to send email</para></listitem>
              <listitem><para>Java Mail - the Java Mail extension is used to process SMTP messages sent from the administrator and 
                by the Forum Watch system</para></listitem>
              <listitem><para>Jakarta BeanUtils - required for common upload to upload avatar images</para></listitem>
              <listitem><para>Jakarta Common Logging - the Java Common Logging interface is a common interface for logging messages
                and used by mvnforum as the template for logging events and errors - this interface can be extended to provide custom
                loggins solutions</para></listitem>
              <listitem><para>Jakarta Regular Expressions - regular expressions are used to support the Search functionality</para></listitem>
              <listitem><para>Jakarta Lucene - a complete content indexing and searching interface that supports the forum thread search capabililities</para></listitem>
              <listitem><para>Image Processing - used to support the avatar icons and such ??</para></listitem>
             </itemizedlist>
          </para>
        </sect2>
        <sect2>
          <title>Build Searching Index</title>
          <para>mvnForum provides a comprehensive set of search features that enable the user to find posts by author, post topic, and date.  
            The search features are supported by Jakarta's Lucene project.  Lucene builds an index configured by mvnforum
            which speeds user's searches of the forum content.  To rebuild the index, click on the Rebuild Searching Index.</para>
         </sect2>
    </sect1>
    <sect1>
      <title>Forums</title>
      <para>mvnForums follows a typical structure for grouping discussions into common interests.  To manage these
        groups of discussions, an administrator can create, edit and delete forum categories and forums using the 
        Forum Management interface.  Accessed from the forums administration control panel, the forum management 
        interface shows the list of current categories and forums.  Use the links provided to manage
        forum categories and forums.</para>
        <sect2 id="admin_category">
          <title>Category</title>
          <para>
             Forum categories are top-level groups of forums.  An administrator can create categories, add and remove
             forums from a category and remove categories.
             <itemizedlist>
              <listitem><para>Add Category - click on the Add new Category link near the top of the page to load the
                category creation screen.  A category simply has a name and a description.  Use a short enough
                description to give forum users a concise understanding of the types of forums they will expect to find
                in the category.</para></listitem>
              <listitem><para>Edit Category - click on the edit icon (<inlinemediaobject><imageobject>
                <imagedata fileref="figure/edit.gif" format="GIF"/></imageobject><textobject><phrase>Edit icon</phrase></textobject></inlinemediaobject>)
                on the right side of the row of the forum you want to edit to navigate to the category 
                edit screen.  Change the description of the category or the category sort order.</para></listitem>
              <listitem><para>Delete Category - Because of the danger of removing categories, the web interface only allows 
                deleting empty categories.  To delete a category, first delete all the <link linkend="admin_forum">forums</link>.</para></listitem>
              <listitem><para>Edit Group Permissions - This is not currently enabled, see the <ulink url="docs/ToDo.txt">Todo List</ulink>.</para></listitem>
             </itemizedlist>
          </para>
        </sect2>
        <sect2 id="admin_forum">
          <title>Forum</title>
          <para>
            Forums are groups of topics sharing a common thread or subject.  The forum is the common meeting place for people
            to share ideas and ask questions on topics where they can expect to receive answers from people sharing interests
            and knowledge on the topics in the forum.  To administer the list of forums supported by your site, navigate to 
            the Forum Management interface accessed in the administrator control panel.
             <itemizedlist>
              <listitem><para>Add Forum - click on the Add Forum link in the Add Forum column of the Forum Category 
                you want to add the forum to.  To add a forum, the category must first exist.  If you have not added a category, 
                visit the <link linkend="admin_forum">Category Management</link> help.</para></listitem>
              <listitem><para>Edit Forum - click on the edit icon <inlinemediaobject><imageobject>
                <imagedata fileref="figure/edit.gif" format="GIF"/></imageobject><textobject><phrase>Edit icon</phrase></textobject></inlinemediaobject>)
                on the right side of the row of the forum you want to edit to navigate to the category edit screen. 
                The forums are children of the categories they belong to and can be differentiated because they have
                the icon to the left of their names while categories are on the left margin.
                <itemizedlist>
                   <title>Changes you can make to a forum</title>
                   <listitem><para>Change the category the forum belongs to by selecting another category from the list</para></listitem>
                   <listitem><para>Update the name and description of the forum</para></listitem>
                   <listitem><para>Update the sort order of the forum.  This moves the forum's location 
                     within the list of forums in a category.</para></listitem>
                   <listitem><para>Enable a forum.  By default all new forums are enabled, but you may want to 
                     temporarily disable a forum.  Uncheck the box to disable the forum.</para></listitem>
                  </itemizedlist>
                </para></listitem>
             </itemizedlist>
          </para>
        </sect2>
    </sect1>
    <sect1 id="admin_groups">
      <title>Groups</title><para></para>
    </sect1>
    <sect1>
      <title>Users</title><para></para>
    </sect1>
  </chapter>
