<?xml version="1.0" encoding="iso-8859-1"?>

<!-- >e-novative> DocBook Environment (eDE)                                  -->
<!-- (c) 2002 e-novative GmbH, Munich, Germany                               -->
<!-- http://www.e-novative.de                                                -->

<!-- DocBook book template                                                   -->

<!-- This file is part of eDE                                                -->

<!-- eDE is free software; you can redistribute it and/or modify             -->
<!-- it under the terms of the GNU General Public License as published by    -->
<!-- the Free Software Foundation; either version 2 of the License, or       -->
<!-- (at your option) any later version.                                     -->

<!-- eDE is distributed in the hope that it will be useful,                  -->
<!-- but WITHOUT ANY WARRANTY; without even the implied warranty of          -->
<!-- MERCHANTABILITY or FITNESS FOR A PARTICULAR PURPOSE.  See the           -->
<!-- GNU General Public License for more details.                            -->

<!-- You should have received a copy of the GNU General Public License       -->
<!-- along with eDe; if not, write to the Free Software                   -->
<!-- Foundation, Inc., 59 Temple Place, Suite 330, Boston, MA 02111-1307 USA -->


<!DOCTYPE book
  PUBLIC "-//OASIS//DTD DocBook XML V4.2//EN" "file:/c:/docbook/dtd/docbookx.dtd"
  [
    <!ENTITY % global.entities SYSTEM "file:/c:/docbook/include/global.xml">
    %global.entities;
    <!ENTITY mvnchap1 SYSTEM "mvn_chap1.xml">
    <!ENTITY mvnchap2 SYSTEM "mvn_chap2.xml">
    <!ENTITY mvnchap3 SYSTEM "mvn_chap3.xml">
    <!ENTITY mvnchap4 SYSTEM "mvn_chap4.xml">

    <!ENTITY % entities SYSTEM "entities.xml">
    %entities;
  ]
>

<book lang="en">

  <bookinfo>

   <title>mvnForum User Documentation</title>
   <pubdate>8 June 2003</pubdate>

   <author>
     <firstname>Cord</firstname>
     <surname>Thomas</surname>
     <affiliation>
        <jobtitle>Software Architect</jobtitle>
        <orgname>Lupine Information Systems</orgname>
        <address><email>cord_sw (at) lupinex.com</email></address>
     </affiliation>
   </author>

  <revhistory>
   <revision>
    <revnumber>v0.0.10</revnumber>
    <date>8 June 2003</date>
    <authorinitials>cat</authorinitials>
    <revremark>
     Prepared documentation for RC1 with installation and user instructions.</revremark>
   </revision>
  </revhistory>

  </bookinfo>
  <preface>
    <title>Foreward</title>
          <para>Online documentation provides a HowTo approach to installing, administering and 
          using <emphasis>mvnForum</emphasis> successfully.  If you do not see what you are looking for 
          here, take a look at the <ulink url="mvnFaq.html">FAQ section</ulink>, 
          carefully compiled for your edification.</para>
  </preface>

   &mvnchap1;
   &mvnchap2;
   &mvnchap3;
   &mvnchap4;

</book>