<!-- Ant build script to create a netboot config to boot the default config -->
<project name="JBoss netboot setup" default="netboot">
   <!-- Override with your JBoss server bundle dist location -->
   <property environment="env"/>
   <property name="jboss.dist" value="${env.JBOSS_HOME}"/>

   <target name="netboot"
      description="Create a netboot config to boot the default config">
      <!-- Make the netboot config -->
      <mkdir dir="${jboss.dist}/server/netboot"/>
      <copy todir="${jboss.dist}/server/netboot">
         <fileset dir="${jboss.dist}/server/minimal">
            <include name="conf/**"/>
         </fileset>
         <fileset dir="${jboss.dist}/server/default">
            <include name="lib/ant.jar"/>
            <include name="lib/log4j.jar"/>
            <include name="lib/javax.servlet.jar"/>
            <include name="lib/jboss.jar"/>
            <include name="lib/jboss-j2ee.jar"/>
            <include name="lib/jnpserver.jar"/>
            <include name="lib/jboss-transaction.jar"/>
            <include name="lib/jbosssx.jar"/>
            <include name="deploy/jbossweb-tomcat50.sar/**"/>
         </fileset>
      </copy>
      <!-- Copy the examples netboot.war with the WEBDAV servlet setup -->
      <unzip src="${jboss.dist}/docs/examples/netboot/netboot.war"
         dest="${jboss.dist}/server/netboot/deploy/netboot.war"/>
      <copy todir="${jboss.dist}/server/netboot/deploy/netboot.war">
         <fileset dir="${jboss.dist}">
            <include name="lib/*.jar"/>
         </fileset>
      </copy>
      <!-- Copy the default server config to the netboot.war -->
      <copy todir="${jboss.dist}/server/netboot/deploy/netboot.war/server/default">
         <fileset dir="${jboss.dist}/server/default">
            <include name="conf/**/*"/>
            <include name="lib/*"/>
            <include name="deploy/**/*"/>
         </fileset>
      </copy>

      <!-- Remove the web container dependencies -->
      <copy overwrite="true" file="jboss-service.xml"
            todir="${jboss.dist}/server/netboot/deploy/jbossweb-tomcat50.sar/META-INF/" />

      <!-- Reduce the hot deployment scanner check to 5 mins, use 0 to disable -->

      <replace file="${jboss.dist}/server/netboot/deploy/netboot.war/server/default/conf/jboss-service.xml">
         <replacetoken>5000</replacetoken>
         <replacevalue>300000</replacevalue>
      </replace>

      <copy todir="${jboss.dist}/server/netboot/deploy/netboot.war/server/default/deploy/jmx-console.war/WEB-INF/lib">
          <fileset dir="${jboss.dist}/server/netboot/lib/" includes="javax.servlet*.jar" />
      </copy>

      <!-- Zip up all unpacked deployment archives -->
      <property name="deploy.dir"
         value="${jboss.dist}/server/netboot/deploy/netboot.war/server/default/deploy" />
      <antcall target="zipdir">
         <param name="thedir" value="http-invoker.sar"/>
      </antcall>
      <antcall target="zipdir">
         <param name="thedir" value="jms/jbossmq-httpil.sar"/>
      </antcall>
      <antcall target="zipdir">
         <param name="thedir" value="jbossweb-tomcat50.sar"/>
      </antcall>
      <antcall target="zipdir">
         <param name="thedir" value="jmx-console.war"/>
      </antcall>
      <antcall target="zipdir">
         <param name="thedir" value="management/console-mgr.sar"/>
      </antcall>
      <antcall target="zipdir">
         <param name="thedir" value="management/web-console.war"/>
      </antcall>
      <antcall target="zipdir">
         <param name="thedir" value="jmx-invoker-adaptor-server.sar"/>
      </antcall>
   </target>

   <target name="zipdir" description="A target the zips up thedir param">
      <move todir="${deploy.dir}/${thedir}x">
         <fileset dir="${deploy.dir}/${thedir}"/>
      </move>
      <zip destfile="${deploy.dir}/${thedir}">
         <zipfileset dir="${deploy.dir}/${thedir}x"/>
      </zip>
      <delete dir="${deploy.dir}/${thedir}x"/>
   </target>
</project>
