<?xml version="1.0" encoding="UTF-8"?>
 
<!DOCTYPE jboss PUBLIC
   "-//JBoss//DTD JBOSS 3.0//EN"
   "http://www.jboss.org/j2ee/dtd/jboss_3_0.dtd">


<jboss>
   <enterprise-beans>
      <session>
         <ejb-name>EJBTestRunnerEJB</ejb-name>
         <jndi-name>ejb/EJBTestRunner</jndi-name>
      </session>
      <session>
         <ejb-name>ReadAheadEJB</ejb-name>
         <local-jndi-name>crimeportal/ReadAhead</local-jndi-name>
      </session>
      <entity>
         <ejb-name>OrganizationEJB</ejb-name>
         <local-jndi-name>crimeportal/Organization</local-jndi-name>
      </entity>
      <entity>
         <ejb-name>GangsterEJB</ejb-name>
         <local-jndi-name>crimeportal/Gangster</local-jndi-name>
      </entity>
      <entity>
         <ejb-name>JobEJB</ejb-name>
         <local-jndi-name>crimeportal/Job</local-jndi-name>
      </entity>
      <entity>
         <ejb-name>LocationEJB</ejb-name>
         <local-jndi-name>crimeportal/Location</local-jndi-name>
      </entity>
   </enterprise-beans>
</jboss>
